{
  "formal_vs_casual": {
    "min": 0.0008093525469303132,
    "max": 0.017148853987455363
  },
  "classic_vs_modern": {
    "min": 0.00036933816969394686,
    "max": 0.007822406440973281
  },
  "colorful_vs_monochrome": {
    "min": 0.0027603665739297867,
    "max": 0.03054912492632865
  },
  "detailed_vs_minimalist": {
    "min": 0.0023838654905557633,
    "max": 0.017368890196084976
  },
  "streetwear": {
    "min": 0.5995362854003906,
    "max": 0.6268544709682464
  },
  "vintage": {
    "min": 0.6007943743467331,
    "max": 0.6303732419013977
  },
  "sporty": {
    "min": 0.5927986258268356,
    "max": 0.6271107566356658
  },
  "elegant": {
    "min": 0.6025112217664719,
    "max": 0.6318265175819396
  },
  "preppy": {
    "min": 0.6033357566595078,
    "max": 0.6276788312196732
  },
  "punk": {
    "min": 0.5969202148914338,
    "max": 0.6290591704845429
  },
  "gothic": {
    "min": 0.5717590534687043,
    "max": 0.6272764110565185
  },
  "hippie": {
    "min": 0.5921569955348969,
    "max": 0.6363214159011841
  },
  "grunge": {
    "min": 0.5924969071149826,
    "max": 0.6328625535964966
  },
  "y2k": {
    "min": 0.6049516206979751,
    "max": 0.6308266323804855
  }
}