{
  "formal_vs_casual": {
    "min": 0.0008093525539152324,
    "max": 0.017148854210972786
  },
  "classic_vs_modern": {
    "min": 0.0003693381731864065,
    "max": 0.007822406478226185
  },
  "colorful_vs_monochrome": {
    "min": 0.0027603665366768837,
    "max": 0.030549125745892525
  },
  "detailed_vs_minimalist": {
    "min": 0.0023838654160499573,
    "max": 0.017368890345096588
  },
  "streetwear": {
    "min": 0.5995362997055054,
    "max": 0.6268544793128967
  },
  "vintage": {
    "min": 0.6007943749427795,
    "max": 0.6303732395172119
  },
  "sporty": {
    "min": 0.59279865026474,
    "max": 0.6271107792854309
  },
  "elegant": {
    "min": 0.6025112271308899,
    "max": 0.6318265199661255
  },
  "preppy": {
    "min": 0.6033357381820679,
    "max": 0.6276788115501404
  },
  "punk": {
    "min": 0.5969201922416687,
    "max": 0.6290591955184937
  },
  "gothic": {
    "min": 0.571759045124054,
    "max": 0.6272764205932617
  },
  "hippie": {
    "min": 0.5921570062637329,
    "max": 0.6363214254379272
  },
  "grunge": {
    "min": 0.592496931552887,
    "max": 0.6328625679016113
  },
  "y2k": {
    "min": 0.6049516201019287,
    "max": 0.6308266520500183
  }
}